,Unnamed: 0.3,Unnamed: 0.2,Unnamed: 0.1,Unnamed: 0,season,player,pos,award_share,age,team_id,g,gs,mp_per_g,fg_per_g,fga_per_g,fg_pct,fg3_per_g,fg3a_per_g,fg3_pct,fg2_per_g,fg2a_per_g,fg2_pct,efg_pct,ft_per_g,fta_per_g,ft_pct,orb_per_g,drb_per_g,trb_per_g,ast_per_g,stl_per_g,blk_per_g,tov_per_g,pf_per_g,pts_per_g,mp,per,ts_pct,fg3a_per_fga_pct,fta_per_fga_pct,orb_pct,drb_pct,trb_pct,ast_pct,stl_pct,blk_pct,tov_pct,usg_pct,ows,dws,ws,ws_per_48,obpm,dbpm,bpm,vorp,mov,mov_adj,win_loss_pct,mvp_won
0,0,0,0,0,1982,Moses Malone,C,0.735,26,HOU,81,81,35.0,9.75,18.75,0.4325,0.0,0.0833333333333333,0.0,9.75,18.666666666666668,0.4333333333333333,0.4325,6.5,8.499999999999998,0.635,5.75,6.5,12.25,1.5,0.75,1.25,3.0,2.166666666666667,25.916666666666668,2831.6666666666665,22.333333333333336,0.48,0.0025,0.3783333333333333,14.583333333333334,17.666666666666664,16.083333333333336,5.75,0.9166666666666669,1.75,9.916666666666666,24.916666666666664,9.75,3.083333333333333,12.833333333333334,0.1816666666666666,5.166666666666667,-1.5,3.75,4.583333333333334,-0.0333333333333333,-0.325,0.4675000000000001,Yes
1,1,1,1,1,1983,Moses Malone,C,0.96,27,PHI,78,78,35.0,7.84,15.586666666666666,0.4676,0.0,0.0,0.0,7.84,15.586666666666666,0.4685333333333333,0.4676,7.1866666666666665,9.426666666666666,0.7102666666666667,5.32,8.96,14.28,1.2133333333333334,1.0266666666666668,1.8666666666666667,3.173333333333333,2.4266666666666667,22.866666666666667,2727.2000000000003,23.426666666666662,0.5394666666666666,0.0009333333333333,0.5637333333333333,15.68,24.17333333333333,20.160000000000004,4.76,1.3066666666666666,2.8000000000000003,12.88,24.266666666666666,8.493333333333334,5.6000000000000005,14.093333333333334,0.2314666666666666,3.733333333333333,-0.28,3.453333333333333,3.92,7.158666666666667,7.0280000000000005,0.7401333333333334,Yes
2,2,2,2,2,1984,Larry Bird,PF,0.858,27,BOS,79,77,35.0,8.772845953002612,17.819843342036553,0.4496083550913838,0.1827676240208877,0.8224543080939949,0.2257180156657963,8.590078328981724,16.99738903394256,0.4605744125326371,0.454177545691906,4.295039164490862,4.8433420365535245,0.8114882506527415,2.101827676240209,7.127937336814622,9.22976501305483,6.031331592689295,1.6449086161879898,0.8224543080939949,2.741514360313316,2.284595300261097,22.11488250652741,2767.10182767624,22.11488250652741,0.5044386422976502,0.0429503916449086,0.2494778067885117,6.396866840731072,20.378590078328983,13.616187989556138,23.942558746736296,2.101827676240209,1.1879895561357705,11.057441253263708,24.399477806788514,7.219321148825067,5.117493472584857,12.428198433420366,0.1964751958224543,5.117493472584857,1.827676240208877,6.945169712793733,6.671018276762402,5.994778067885118,5.866840731070496,0.6908616187989557,Yes
3,3,3,3,3,1985,Larry Bird,SF,0.978,28,BOS,80,77,35.0,10.189873417721518,19.493670886075947,0.4625316455696203,0.6202531645569619,1.4177215189873418,0.3783544303797468,9.569620253164558,18.075949367088608,0.4687341772151899,0.4767088607594937,4.430379746835444,5.0506329113924044,0.7815189873417722,1.860759493670886,7.531645569620253,9.30379746835443,5.848101265822785,1.4177215189873418,1.0632911392405062,2.7468354430379747,2.3037974683544307,25.43037974683544,2800.886075949367,23.481012658227847,0.5183544303797468,0.0655696202531645,0.230379746835443,5.316455696202532,20.025316455696203,13.025316455696204,22.77215189873418,1.6835443037974684,1.5063291139240509,9.92405063291139,25.253164556962023,9.30379746835443,4.607594936708861,13.91139240506329,0.2108860759493671,6.025316455696203,1.7721518987341771,7.79746835443038,7.70886075949367,5.89240506329114,5.732911392405063,0.6805063291139241,Yes
4,4,4,4,4,1986,Larry Bird,SF,0.981,29,BOS,82,81,35.0,8.934210526315788,18.05263157894737,0.4568421052631579,0.9210526315789472,2.210526315789474,0.3896052631578947,8.013157894736842,15.842105263157894,0.4660526315789474,0.4798684210526315,4.973684210526316,5.526315789473684,0.8252631578947369,2.1184210526315788,6.907894736842105,9.026315789473683,6.2631578947368425,1.8421052631578947,0.5526315789473685,2.9473684210526314,2.0263157894736845,23.76315789473684,2867.236842105263,23.57894736842105,0.5342105263157895,0.1114473684210526,0.2818421052631579,6.631578947368421,18.789473684210527,13.078947368421051,24.22368421052632,2.302631578947368,0.8289473684210527,11.697368421052632,25.42105263157895,8.842105263157896,5.710526315789474,14.552631578947368,0.2247368421052631,6.078947368421052,1.9342105263157896,8.013157894736842,7.736842105263158,8.667105263157895,8.344736842105263,0.7525,Yes
5,5,5,5,5,1987,Magic Johnson,PG,0.94,27,LAL,80,80,35.0,8.195592286501377,15.81267217630854,0.503305785123967,0.0964187327823691,0.4820936639118457,0.1976584022038567,8.099173553719009,15.330578512396697,0.5129476584022039,0.506198347107438,6.460055096418734,7.617079889807163,0.8176308539944904,1.4462809917355373,4.62809917355372,6.074380165289257,11.763085399449036,1.6391184573002755,0.4820936639118457,3.663911845730028,2.024793388429752,23.044077134986225,2800.0,26.033057851239672,0.5804407713498623,0.0289256198347107,0.4647382920110193,4.820936639118457,13.209366391184572,9.352617079889807,45.50964187327825,2.121212121212121,0.6749311294765841,15.330578512396697,25.35812672176309,11.666666666666668,3.663911845730028,15.330578512396697,0.2535812672176309,7.231404958677686,1.253443526170799,8.484848484848486,7.7134986225895315,8.966942148760332,8.022038567493114,0.7646005509641873,Yes
6,6,6,6,6,1988,Michael Jordan,SG,0.831,24,CHI,82,82,35.0,11.262376237623762,21.138613861386137,0.463490099009901,0.0866336633663366,0.5198019801980198,0.1143564356435643,11.262376237623762,20.53217821782178,0.473019801980198,0.4652227722772277,7.623762376237624,9.096534653465348,0.7285891089108911,1.472772277227723,3.292079207920792,4.764851485148515,5.111386138613862,2.7722772277227725,1.3861386138613865,2.685643564356436,2.858910891089109,30.32178217821782,2868.440594059406,27.46287128712872,0.5224009900990099,0.0233910891089108,0.3725247524752476,4.158415841584159,9.26980198019802,6.757425742574258,23.391089108910894,3.378712871287129,2.07920792079208,8.316831683168317,29.5420792079208,13.168316831683168,5.284653465346534,18.36633663366337,0.2668316831683168,7.623762376237624,3.6386138613861374,11.262376237623762,10.82920792079208,2.945544554455446,3.257425742574257,0.5284653465346535,Yes
7,7,7,7,7,1989,Magic Johnson,PG,0.782,29,LAL,77,77,35.0,7.0,13.813333333333333,0.4750666666666666,0.7466666666666668,2.24,0.2930666666666666,6.346666666666666,11.48,0.5114666666666667,0.4993333333333333,6.253333333333333,6.813333333333333,0.8502666666666667,1.3066666666666666,5.973333333333335,7.373333333333333,11.946666666666667,1.68,0.28,3.826666666666666,2.0533333333333337,21.0,2693.6,25.106666666666666,0.5833333333333334,0.154,0.462,4.293333333333333,16.8,10.92,45.36,2.1466666666666665,0.3733333333333334,17.173333333333332,22.68,11.293333333333331,3.733333333333333,15.026666666666667,0.2492,6.813333333333333,1.8666666666666667,8.773333333333333,7.746666666666667,6.692,5.954666666666666,0.6486666666666666,Yes
8,8,8,8,8,1990,Magic Johnson,PG,0.691,30,LAL,79,79,35.0,6.491935483870968,13.548387096774194,0.4516129032258064,1.2231182795698925,3.293010752688172,0.3612903225806451,5.268817204301074,10.25537634408602,0.4798387096774193,0.4948924731182795,6.774193548387097,7.620967741935483,0.8373655913978494,1.5053763440860213,4.704301075268817,6.209677419354838,10.81989247311828,1.5994623655913975,0.3763440860215053,3.4811827956989245,1.9758064516129032,20.981182795698924,2763.306451612903,25.026881720430108,0.5852150537634409,0.2286290322580645,0.5268817204301075,4.892473118279569,13.924731182795698,9.596774193548386,42.80913978494623,2.0698924731182795,0.6586021505376343,15.9005376344086,23.33333333333333,12.04301075268817,3.575268817204301,15.524193548387094,0.2540322580645161,7.809139784946236,1.6935483870967742,9.50268817204301,8.373655913978494,6.379032258064516,6.341397849462366,0.7225806451612903,Yes
9,9,9,9,9,1991,Michael Jordan,SG,0.928,27,CHI,82,82,35.0,11.445945945945946,21.189189189189182,0.5098648648648649,0.3783783783783784,1.0405405405405406,0.2951351351351351,11.067567567567568,20.14864864864865,0.5212162162162163,0.5174324324324324,6.621621621621622,7.756756756756756,0.8049999999999999,1.324324324324324,4.351351351351351,5.675675675675676,5.202702702702703,2.5540540540540544,0.945945945945946,2.364864864864865,2.648648648648648,29.79729729729729,2870.0,29.89189189189189,0.5722972972972973,0.0482432432432432,0.3452702702702702,4.351351351351351,13.527027027027026,8.986486486486486,23.837837837837835,3.5,1.608108108108108,8.22972972972973,31.121621621621617,14.094594594594597,5.108108108108109,19.202702702702705,0.3036486486486486,8.41891891891892,3.027027027027027,11.351351351351353,10.216216216216218,8.608108108108107,8.106756756756758,0.7037837837837838,Yes
10,10,10,10,10,1992,Michael Jordan,SG,0.938,28,CHI,80,80,35.0,10.644329896907218,20.476804123711343,0.4681701030927835,0.2706185567010309,1.1726804123711343,0.2435567010309278,10.373711340206183,19.394329896907216,0.480798969072165,0.4744845360824742,5.502577319587629,6.675257731958763,0.7505154639175258,0.9922680412371137,4.780927835051547,5.773195876288661,5.502577319587629,2.074742268041237,0.8118556701030928,2.255154639175258,2.255154639175258,27.15206185567011,2798.19587628866,24.98711340206185,0.5222938144329897,0.0496134020618556,0.2931701030927836,3.157216494845361,13.80154639175258,8.56958762886598,23.182989690721648,2.706185567010309,1.3530927835051547,7.938144329896908,28.595360824742272,10.914948453608249,5.051546391752578,15.966494845360824,0.2471649484536082,6.494845360824742,2.255154639175258,8.75,8.298969072164947,9.417525773195877,9.083762886597938,0.7369845360824742,Yes
11,11,11,11,11,1993,Charles Barkley,PF,0.852,29,PHO,76,76,35.0,8.75,16.84840425531915,0.4840425531914893,0.8377659574468085,2.699468085106383,0.283909574468085,7.912234042553191,14.148936170212766,0.5222074468085106,0.507313829787234,5.492021276595745,7.167553191489362,0.7121010638297872,2.8856382978723403,8.470744680851062,11.356382978723405,4.747340425531914,1.4893617021276595,0.9308510638297872,2.8856382978723403,2.420212765957447,23.829787234042552,2661.303191489362,24.10904255319149,0.5547872340425531,0.1489361702127659,0.39375,8.84308510638298,24.481382978723403,16.84840425531915,19.73404255319149,1.8617021276595744,1.4893617021276595,11.63563829787234,25.039893617021274,8.936170212765957,4.468085106382978,13.404255319148936,0.2252659574468085,5.864361702127659,1.303191489361702,7.26063829787234,6.609042553191489,6.199468085106383,5.836436170212766,0.7037234042553191,Yes
12,12,12,12,12,1994,Hakeem Olajuwon,C,0.88,31,HOU,80,80,35.0,9.560975609756095,18.09756097560976,0.4507317073170732,0.0853658536585365,0.1707317073170731,0.359390243902439,9.475609756097562,17.84146341463415,0.4515853658536585,0.4524390243902439,4.182926829268293,5.8048780487804885,0.6112195121951219,2.475609756097561,7.768292682926829,10.158536585365855,3.0731707317073176,1.3658536585365857,3.1585365853658542,2.9024390243902443,3.0731707317073176,23.304878048780488,2797.439024390244,21.59756097560976,0.4823170731707316,0.009390243902439,0.2731707317073171,6.999999999999999,19.890243902439025,13.829268292682926,13.999999999999998,1.7073170731707317,4.865853658536586,10.500000000000002,25.4390243902439,5.463414634146342,6.743902439024391,12.207317073170731,0.1792682926829268,2.987804878048781,2.817073170731708,5.8048780487804885,6.2317073170731705,3.6878048780487807,3.576829268292683,0.6035365853658536,Yes
13,13,13,13,13,1995,David Robinson,C,0.858,29,SAS,81,81,35.0,8.934210526315788,16.94736842105263,0.4881578947368421,0.0921052631578947,0.1842105263157894,0.2763157894736842,8.934210526315788,16.67105263157895,0.490921052631579,0.49,7.4605263157894735,9.671052631578949,0.7128947368421054,2.671052631578948,7.276315789473684,9.947368421052632,2.671052631578948,1.5657894736842106,2.9473684210526314,2.671052631578948,2.578947368421052,25.42105263157895,2831.315789473684,26.80263157894737,0.5544736842105262,0.0119736842105263,0.525,8.381578947368421,20.81578947368421,14.921052631578949,12.618421052631575,2.0263157894736845,5.43421052631579,10.223684210526317,27.539473684210527,9.855263157894736,6.171052631578947,16.11842105263158,0.2514473684210526,5.526315789473684,2.9473684210526314,8.473684210526315,8.013157894736842,5.489473684210527,5.43421052631579,0.6963157894736842,Yes
14,14,14,14,14,1996,Michael Jordan,SG,0.986,32,CHI,82,82,35.0,10.39787798408488,20.981432360742705,0.4595490716180371,1.2997347480106098,2.970822281167109,0.396419098143236,9.09814323607427,18.010610079575592,0.469761273209549,0.4874005305039787,6.220159151193634,7.427055702917771,0.7742705570291776,1.6710875331564985,4.456233421750662,6.1273209549071606,3.992042440318302,2.042440318302387,0.4641909814323607,2.228116710875331,2.228116710875331,28.22281167108753,2868.700265251989,27.294429708222808,0.5403183023872679,0.1309018567639257,0.329575596816976,5.198938992042439,13.83289124668435,9.469496021220158,19.68169761273209,2.8779840848806364,0.9283819628647214,7.79840848806366,30.91511936339522,13.183023872679042,5.755968169761273,18.938992042440315,0.2942970822281167,7.705570291777189,2.042440318302387,9.748010610079575,9.09814323607427,11.36339522546419,10.954907161803714,0.8151193633952254,Yes
15,15,15,15,15,1997,Karl Malone,PF,0.857,33,UTA,82,82,35.0,10.040983606557376,18.36065573770492,0.5259562841530055,0.0,0.1912568306010929,0.0,10.040983606557376,18.169398907103822,0.5307377049180328,0.5259562841530055,6.120218579234972,8.032786885245901,0.7219945355191256,2.295081967213114,7.172131147540984,9.4672131147541,4.30327868852459,1.33879781420765,0.5737704918032785,2.6775956284153,2.4863387978142075,26.202185792349724,2866.9398907103823,27.63661202185792,0.5737704918032785,0.0076502732240437,0.4198087431693988,8.128415300546447,23.14207650273224,16.065573770491802,23.42896174863388,1.9125683060109289,1.2431693989071038,10.614754098360656,31.270491803278688,11.092896174863387,4.877049180327869,15.969945355191255,0.2562841530054645,6.7896174863387975,1.147540983606557,7.937158469945356,7.459016393442623,8.405737704918032,7.621584699453551,0.7459016393442622,Yes
16,16,16,16,16,1998,Michael Jordan,SG,0.934,34,CHI,82,82,35.0,9.652061855670103,20.837628865979383,0.4194587628865979,0.3608247422680413,1.3530927835051547,0.2146907216494845,9.381443298969074,19.394329896907216,0.4347938144329897,0.4266752577319588,6.224226804123712,7.938144329896908,0.7072164948453609,1.4432989690721651,3.7886597938144337,5.231958762886598,3.157216494845361,1.5335051546391754,0.4510309278350516,2.074742268041237,1.6237113402061856,25.88917525773196,2869.4587628865984,22.7319587628866,0.480798969072165,0.0604381443298969,0.3436855670103093,4.239690721649485,11.275773195876289,7.667525773195877,16.237113402061855,2.164948453608248,0.9020618556701032,6.945876288659794,30.39948453608248,9.381443298969074,4.871134020618558,14.252577319587632,0.2146907216494845,5.322164948453609,0.9020618556701032,6.224226804123712,6.404639175257732,6.413659793814434,6.530927835051547,0.6819587628865981,Yes
17,17,17,17,17,1999,Karl Malone,PF,0.701,35,UTA,49,49,35.0,7.4866310160427805,15.254010695187166,0.4613636363636363,0.0,0.0,0.0,7.4866310160427805,15.16042780748663,0.4622994652406417,0.4613636363636363,7.2058823529411775,9.171122994652409,0.737433155080214,2.058823529411765,6.831550802139038,8.796791443850267,3.836898395721925,1.2165775401069518,0.5614973262032086,3.0882352941176467,2.526737967914439,22.27272727272728,1714.4385026737968,23.957219251336905,0.5399732620320855,0.0009358288770053,0.5633689839572193,7.2058823529411775,20.681818181818183,14.411764705882357,21.524064171123,1.7780748663101604,1.1229946524064172,12.914438502673798,28.5427807486631,5.802139037433156,3.181818181818182,8.983957219251337,0.2358288770053476,4.959893048128342,1.3101604278074863,6.270053475935829,3.7433155080213902,6.101604278074866,5.184491978609626,0.6925133689839572,Yes
18,18,18,18,18,2000,Shaquille O'Neal,C,0.998,27,LAL,79,79,35.0,10.5875,18.4625,0.50225,0.0,0.0,0.0,10.5875,18.4625,0.5031249999999999,0.50225,4.8125,9.1,0.4585,3.7625,8.225,11.9,3.325,0.4375,2.625,2.45,2.8000000000000003,25.9875,2767.625,26.775,0.5057499999999999,0.000875,0.433125,10.0625,21.7,16.0125,16.887500000000003,0.525,4.6375,8.6625,27.3,10.2375,6.125,16.275000000000002,0.2476249999999999,6.3875,1.75,8.137500000000001,7.875,7.481250000000001,7.35875,0.7148749999999999,Yes
19,19,19,19,19,2001,Allen Iverson,SG,0.904,25,PHI,71,71,35.0,8.916666666666666,21.25,0.35,1.1666666666666667,3.583333333333333,0.2666666666666666,7.833333333333334,17.666666666666664,0.3675,0.3725,6.833333333333332,8.416666666666666,0.6783333333333333,0.5833333333333334,2.583333333333333,3.1666666666666665,3.833333333333333,2.083333333333333,0.25,2.75,1.75,25.916666666666668,2482.5,20.0,0.4316666666666666,0.1408333333333333,0.3308333333333333,1.5833333333333333,6.916666666666667,4.333333333333334,19.166666666666668,2.666666666666667,0.4166666666666666,8.333333333333332,29.916666666666664,6.083333333333333,3.75,9.833333333333334,0.1583333333333333,4.166666666666666,0.9166666666666669,5.083333333333333,5.083333333333333,3.566666666666667,3.025,0.5691666666666667,Yes
20,20,20,20,20,2002,Tim Duncan,PF,0.757,25,SAS,82,82,35.0,8.017241379310345,15.775862068965518,0.4379310344827586,0.0,0.0862068965517241,0.0862068965517241,8.017241379310345,15.689655172413792,0.4405172413793103,0.4379310344827586,5.862068965517241,7.327586206896552,0.6887931034482759,2.8448275862068964,8.10344827586207,10.948275862068964,3.189655172413793,0.603448275862069,2.155172413793104,2.7586206896551726,2.241379310344828,21.98275862068965,2869.8275862068963,23.27586206896552,0.4965517241379309,0.0060344827586206,0.4017241379310344,8.275862068965516,22.327586206896548,15.517241379310343,15.775862068965518,0.8620689655172413,3.706896551724138,10.948275862068964,25.0,9.22413793103448,6.120689655172413,15.344827586206897,0.221551724137931,4.655172413793103,1.896551724137931,6.551724137931034,6.896551724137931,5.3534482758620685,5.405172413793103,0.6094827586206896,Yes
21,21,21,21,21,2003,Tim Duncan,PF,0.808,26,SAS,81,81,35.0,7.837150127226464,15.318066157760816,0.4568702290076336,0.089058524173028,0.2671755725190839,0.2431297709923664,7.748091603053435,15.050890585241731,0.4604325699745548,0.4586513994910942,4.987277353689567,6.946564885496184,0.6323155216284988,2.849872773536896,8.638676844783715,11.488549618320612,3.473282442748092,0.6234096692111959,2.582697201017812,2.760814249363868,2.582697201017812,20.750636132315524,2832.95165394402,23.95674300254453,0.5022900763358779,0.0142493638676844,0.4052162849872774,8.816793893129772,24.312977099236644,16.92111959287532,17.36641221374046,0.801526717557252,4.631043256997456,11.488549618320612,24.93638676844784,8.46055979643766,6.145038167938932,14.69465648854962,0.2208651399491094,4.4529262086514,2.2264631043257,6.768447837150127,6.857506361323156,4.818066157760814,5.031806615776082,0.6519083969465649,Yes
22,22,22,22,22,2004,Kevin Garnett,PF,0.991,27,MIN,82,82,35.0,8.70558375634518,17.41116751269036,0.4432741116751269,0.0888324873096446,0.4441624365482233,0.2274111675126904,8.616751269035532,16.967005076142133,0.449492385786802,0.4459390862944163,3.9974619289340105,5.063451776649747,0.7026649746192893,2.66497461928934,9.682741116751268,12.347715736040607,4.441624365482233,1.33248730964467,1.954314720812183,2.3096446700507616,2.2208121827411165,21.49746192893401,2870.17766497462,26.11675126903553,0.4859137055837564,0.023984771573604,0.2567258883248731,8.083756345177665,26.649746192893403,17.85532994923858,21.6751269035533,1.7766497461928934,3.553299492385787,9.327411167512691,26.294416243654823,9.238578680203046,7.106598984771574,16.256345177664976,0.2416243654822335,6.040609137055837,2.931472081218274,9.060913705583756,8.883248730964466,4.876903553299493,5.205583756345178,0.6280456852791878,Yes
23,23,23,23,23,2005,Steve Nash,PG,0.839,30,PHO,75,75,35.0,5.816326530612246,11.632653061224492,0.5122448979591837,1.326530612244898,2.959183673469388,0.439795918367347,4.591836734693878,8.673469387755102,0.5367346938775511,0.5683673469387756,2.857142857142857,3.26530612244898,0.9051020408163266,0.816326530612245,2.653061224489796,3.36734693877551,11.734693877551022,1.020408163265306,0.1020408163265306,3.36734693877551,1.8367346938775515,15.816326530612246,2625.510204081633,22.448979591836736,0.6183673469387756,0.2591836734693877,0.2836734693877551,2.5510204081632653,7.755102040816327,5.306122448979592,50.20408163265307,1.4285714285714286,0.2040816326530612,20.71428571428572,20.91836734693878,9.89795918367347,1.2244897959183674,11.122448979591836,0.2071428571428571,5.612244897959184,-0.816326530612245,4.795918367346939,4.489795918367348,7.265306122448979,7.224489795918368,0.7714285714285715,Yes
24,24,24,24,24,2006,Steve Nash,PG,0.739,31,PHO,79,79,35.0,6.72316384180791,13.248587570621469,0.5062146892655368,1.878531073446328,4.251412429378531,0.4340395480225988,4.844632768361583,8.898305084745763,0.5418079096045199,0.576412429378531,3.26271186440678,3.46045197740113,0.9105932203389832,0.5932203389830508,3.5593220338983054,4.152542372881356,10.38135593220339,0.7909604519774013,0.1977401129943503,3.46045197740113,1.4830508474576274,18.587570621468927,2764.406779661017,23.03672316384181,0.624858757062147,0.3203389830508475,0.2610169491525423,1.878531073446328,10.97457627118644,6.52542372881356,43.898305084745765,1.0875706214689267,0.2966101694915254,18.78531073446328,23.03672316384181,10.183615819209042,2.076271186440678,12.25988700564972,0.2096045197740113,5.635593220338984,-0.6920903954802259,4.943502824858757,4.844632768361583,5.487288135593221,5.418079096045198,0.6515536723163842,Yes
25,25,25,25,25,2007,Dirk Nowitzki,PF,0.882,28,DAL,78,78,35.0,8.314917127071823,16.629834254143645,0.4853591160220994,0.8701657458563535,2.12707182320442,0.4022099447513811,7.444751381215469,14.502762430939224,0.4979281767955801,0.51146408839779,6.187845303867404,6.864640883977899,0.8740331491712706,1.5469613259668509,7.058011049723756,8.604972375690608,3.2872928176795577,0.6767955801104971,0.7734806629834254,2.030386740331492,2.12707182320442,23.78453038674033,2726.5193370165744,26.685082872928174,0.5849447513812154,0.1247237569060773,0.3973756906077347,5.124309392265193,23.107734806629832,14.30939226519337,17.209944751381215,0.9668508287292816,1.6436464088397789,9.185082872928175,27.94198895027624,11.408839779005524,4.350828729281767,15.759668508287293,0.2687845303867403,6.961325966850828,1.160220994475138,8.024861878453038,7.154696132596685,6.980662983425414,7.038674033149172,0.789917127071823,Yes
26,26,26,26,26,2008,Kobe Bryant,SG,0.873,29,LAL,82,82,35.0,8.547557840616966,18.53470437017995,0.4129820051413881,1.6195372750642676,4.588688946015424,0.3248071979434447,6.838046272493573,13.946015424164525,0.4408740359897172,0.4525706940874036,6.838046272493573,8.097686375321338,0.7557840616966581,0.9897172236503856,4.678663239074551,5.668380462724936,4.858611825192803,1.6195372750642676,0.4498714652956298,2.789203084832905,2.519280205655527,25.46272493573265,2871.9794344473007,21.773778920308484,0.5182519280205655,0.2213367609254498,0.394987146529563,3.059125964010283,12.686375321336762,8.097686375321338,21.503856041131105,2.159383033419023,0.8097686375321338,10.167095115681237,28.25192802056555,8.547557840616966,3.868894601542416,12.416452442159382,0.187146529562982,4.678663239074551,0.5398457583547558,5.218508997429306,5.668380462724936,6.532133676092545,6.604113110539846,0.6253213367609255,Yes
27,27,27,27,27,2009,LeBron James,SF,0.969,24,CLE,81,81,35.0,9.005305039787796,18.474801061007955,0.4539787798408487,1.4854111405835544,4.363395225464191,0.3193633952254641,7.519893899204243,14.111405835543763,0.496684350132626,0.4920424403183023,6.777188328912466,8.726790450928382,0.7241379310344828,1.206896551724138,5.848806366047745,7.055702917771883,6.684350132625994,1.5782493368700263,1.0212201591511936,2.7851458885941645,1.5782493368700263,26.366047745358085,2835.278514588859,29.429708222811666,0.5486737400530503,0.2209549071618037,0.4381962864721485,3.992042440318302,17.639257294429708,11.047745358090186,35.278514588859416,2.228116710875331,2.228116710875331,10.212201591511937,31.379310344827584,12.718832891246684,6.0344827586206895,18.846153846153847,0.2952254641909814,8.819628647214854,3.4350132625994694,12.25464190981432,10.954907161803714,8.290450928381963,8.058355437665782,0.7473474801061009,Yes
28,28,28,28,28,2010,LeBron James,SF,0.98,25,CLE,76,76,35.0,9.064102564102562,18.03846153846154,0.4514102564102564,1.5256410256410255,4.576923076923077,0.2988461538461538,7.538461538461539,13.461538461538462,0.5025641025641027,0.4891025641025641,6.999999999999999,9.153846153846152,0.6883333333333332,0.8076923076923077,5.743589743589744,6.551282051282051,7.717948717948718,1.435897435897436,0.8974358974358974,3.051282051282051,1.435897435897436,26.65384615384616,2661.794871794872,27.91025641025641,0.5420512820512821,0.227051282051282,0.4541025641025641,2.6923076923076925,16.602564102564102,9.961538461538462,37.51282051282051,1.974358974358975,1.7948717948717947,11.03846153846154,30.06410256410256,11.935897435897436,4.666666666666667,16.602564102564102,0.2683333333333333,8.166666666666666,2.5128205128205128,10.589743589743591,9.243589743589745,5.851282051282051,5.537179487179487,0.6676923076923077,Yes
29,29,29,29,29,2011,Derrick Rose,PG,0.977,22,CHI,81,81,35.0,8.23529411764706,18.43582887700535,0.4164438502673797,1.4973262032085564,4.491978609625669,0.3106951871657754,6.737967914438503,14.037433155080214,0.4501336898395722,0.4538770053475935,5.521390374331552,6.457219251336899,0.8029411764705883,0.9358288770053476,2.901069518716578,3.836898395721925,7.2058823529411775,0.9358288770053476,0.5614973262032086,3.181818181818182,1.590909090909091,23.39572192513369,2831.818181818181,21.991978609625672,0.5147058823529412,0.2255347593582887,0.3256684491978609,2.9946524064171127,8.796791443850267,5.9893048128342254,36.21657754010696,1.4037433155080214,1.2165775401069518,12.259358288770054,30.133689839572195,7.767379679144386,4.491978609625669,12.259358288770054,0.1946524064171123,5.8957219251336905,0.4679144385026738,6.363636363636364,6.270053475935829,6.850267379679145,6.11096256684492,0.7074866310160428,Yes
30,30,30,30,30,2012,LeBron James,SF,0.888,27,MIA,62,62,35.0,9.333333333333334,17.64,0.4956,0.84,2.24,0.3378666666666666,8.493333333333334,15.4,0.5189333333333334,0.5170666666666667,5.786666666666667,7.56,0.7196,1.4,5.973333333333335,7.373333333333333,5.786666666666667,1.7733333333333332,0.7466666666666668,3.173333333333333,1.4,25.293333333333333,2170.9333333333334,28.65333333333333,0.5646666666666667,0.1185333333333333,0.4004,4.666666666666667,18.386666666666667,11.759999999999998,31.36,2.4266666666666667,1.5866666666666664,12.413333333333334,29.866666666666667,9.333333333333334,4.2,13.533333333333331,0.2781333333333333,7.653333333333332,2.5200000000000005,10.173333333333334,7.093333333333333,5.581333333333333,5.338666666666667,0.6505333333333333,Yes
31,31,31,31,31,2013,LeBron James,PF,0.998,28,MIA,76,76,35.0,9.327176781002638,16.437994722955146,0.5217678100263852,1.2928759894459103,3.047493403693931,0.374934036939314,8.034300791556728,13.390501319261212,0.5559366754617415,0.5568601583113456,4.894459102902375,6.464379947229551,0.6953825857519789,1.2005277044854883,6.279683377308707,7.387862796833773,6.741424802110818,1.5699208443271768,0.8311345646437995,2.770448548812665,1.2928759894459103,24.749340369393146,2656.860158311346,29.18205804749341,0.5910290237467019,0.1736147757255937,0.3647757255936676,4.063324538258576,19.208443271767813,12.097625329815305,33.61477572559367,2.216358839050132,1.754617414248021,11.451187335092348,27.889182058047496,13.482849604221636,4.340369393139842,17.82321899736148,0.2973614775725594,8.588390501319262,2.216358839050132,10.804749340369392,9.142480211081796,7.267810026385224,6.492084432717678,0.7434036939313985,Yes
32,32,32,32,32,2014,Kevin Durant,SF,0.986,25,OKC,81,81,35.0,9.545454545454543,18.90909090909091,0.4572727272727273,2.1818181818181817,5.545454545454545,0.3554545454545454,7.363636363636363,13.454545454545457,0.4990909090909091,0.5090909090909091,7.909090909090909,9.000000000000002,0.7936363636363636,0.6363636363636364,6.090909090909091,6.727272727272728,5.0,1.181818181818182,0.6363636363636364,3.181818181818182,1.9090909090909087,29.090909090909093,2838.1818181818185,27.090909090909093,0.5772727272727273,0.2645454545454545,0.4336363636363636,2.0,16.90909090909091,9.81818181818182,24.27272727272728,1.5454545454545454,1.3636363636363635,11.09090909090909,30.0,13.454545454545457,4.0,17.454545454545453,0.2681818181818182,8.0,1.2727272727272727,9.272727272727272,8.727272727272727,5.763636363636364,6.045454545454546,0.6545454545454545,Yes
33,33,33,33,33,2015,Stephen Curry,PG,0.922,26,GSW,80,80,35.0,8.776758409785932,17.98165137614679,0.5212538226299693,3.853211009174312,8.669724770642201,0.4741590214067278,4.92354740061162,9.311926605504585,0.5651376146788991,0.6357798165137614,4.174311926605505,4.495412844036697,0.9782874617737004,0.749235474006116,3.853211009174312,4.602446483180427,8.241590214067278,2.140672782874617,0.2140672782874617,3.318042813455657,2.140672782874617,25.47400611620796,2796.788990825688,29.96941896024465,0.682874617737003,0.5159021406727828,0.2686544342507645,2.568807339449541,12.20183486238532,7.492354740061161,41.31498470948012,3.2110091743119265,0.5351681957186544,15.305810397553516,30.93272171253822,12.308868501529052,4.388379204892966,16.804281345565748,0.3082568807339449,8.776758409785932,1.8195718654434248,10.596330275229356,8.455657492354739,10.810397553516818,10.71406727828746,0.8744648318042813,Yes
34,34,34,34,34,2016,Stephen Curry,PG,1.0,27,GSW,79,79,35.0,10.438596491228068,20.67251461988304,0.5157894736842105,5.219298245614034,11.461988304093564,0.4646198830409356,5.219298245614034,9.210526315789473,0.5792397660818712,0.644736842105263,4.707602339181285,5.219298245614034,0.9292397660818712,0.9210526315789472,4.707602339181285,5.526315789473684,6.85672514619883,2.149122807017544,0.2046783625730994,3.3771929824561395,2.046783625730994,30.80409356725146,2763.157894736842,32.23684210526316,0.6846491228070175,0.5669590643274854,0.2558479532163742,2.967836257309941,13.91812865497076,8.801169590643275,34.48830409356725,3.070175438596491,0.4093567251461988,13.201754385964913,33.36257309941521,14.12280701754386,4.195906432748537,18.3187134502924,0.325438596491228,10.54093567251462,1.6374269005847952,12.178362573099417,9.72222222222222,11.011695906432749,10.62280701754386,0.9108187134502924,Yes
35,35,35,35,35,2017,Russell Westbrook,PG,0.879,28,OKC,81,81,35.0,10.317919075144507,24.277456647398843,0.4299132947976878,2.528901734104046,7.283236994219654,0.3469653179190751,7.789017341040463,16.99421965317919,0.4643063583815029,0.4815028901734103,8.901734104046243,10.520231213872831,0.8547687861271676,1.7196531791907512,9.104046242774563,10.823699421965316,10.520231213872831,1.6184971098265897,0.4046242774566473,5.46242774566474,2.3265895953757223,31.965317919075144,2834.393063583815,30.953757225433527,0.5604046242774567,0.3034682080924855,0.4380057803468207,5.46242774566474,29.13294797687861,17.297687861271676,57.96242774566473,2.3265895953757223,0.9104046242774568,16.083815028901732,42.18208092485549,8.598265895953757,4.653179190751445,13.2514450867052,0.2265895953757225,8.80057803468208,2.4277456647398843,11.228323699421964,9.407514450867051,0.7687861271676301,1.1632947976878611,0.5796242774566474,Yes
36,36,36,36,36,2018,James Harden,SG,0.955,28,HOU,72,72,35.0,8.898305084745763,19.872881355932204,0.4439265536723163,3.658192090395481,9.887005649717514,0.3628531073446328,5.338983050847458,9.985875706214689,0.525,0.5348870056497176,8.601694915254237,9.985875706214689,0.8483050847457627,0.5932203389830508,4.745762711864407,5.338983050847458,8.700564971751414,1.779661016949153,0.6920903954802259,4.350282485875707,2.274011299435028,30.05649717514124,2522.1751412429376,29.4632768361582,0.6120056497175141,0.4923728813559322,0.4963276836158192,1.779661016949153,15.02824858757062,8.502824858757062,44.59039548022599,2.372881355932204,1.6807909604519775,14.929378531073446,35.69209039548023,11.468926553672317,3.7570621468926553,15.225988700564974,0.2857344632768361,8.403954802259888,1.3841807909604518,9.78813559322034,7.612994350282487,8.384180790960453,8.117231638418081,0.7840395480225989,Yes
37,37,37,37,37,2019,Giannis Antetokounmpo,PF,0.932,24,MIL,72,72,35.0,10.670731707317074,18.460365853658537,0.6167682926829269,0.7469512195121952,2.987804878048781,0.2731707317073171,9.92378048780488,15.472560975609758,0.6839939024390245,0.6391768292682928,7.362804878048781,10.13719512195122,0.7778963414634147,2.3475609756097566,10.990853658536588,13.33841463414634,6.295731707317074,1.3871951219512195,1.6006097560975612,3.9481707317073176,3.414634146341464,29.557926829268297,2516.1585365853657,32.97256097560976,0.6871951219512197,0.1739329268292683,0.5868902439024392,7.789634146341464,32.01219512195122,20.59451219512196,32.332317073170735,1.920731707317073,4.161585365853659,15.79268292682927,34.46646341463415,9.496951219512196,5.868902439024391,15.365853658536588,0.3115853658536586,6.722560975609756,4.375,11.097560975609758,7.896341463414635,9.464939024390244,8.589939024390246,0.7810975609756099,Yes
38,38,38,38,38,2020,Giannis Antetokounmpo,PF,0.952,25,MIL,63,63,35.0,12.54934210526316,22.68092105263158,0.6366776315789474,1.6118421052631575,5.411184210526316,0.35,10.9375,17.269736842105264,0.7264802631578947,0.678125,7.253289473684211,11.513157894736842,0.7287828947368421,2.5328947368421053,13.125000000000002,15.657894736842106,6.447368421052631,1.151315789473684,1.151315789473684,4.259868421052632,3.569078947368421,33.963815789473685,2207.072368421053,36.72697368421053,0.7057565789473684,0.2728618421052631,0.5848684210526316,8.86513157894737,40.065789473684205,25.444078947368425,39.37500000000001,1.7269736842105263,3.4539473684210527,15.197368421052632,43.17434210526316,7.0230263157894735,5.756578947368421,12.779605263157894,0.3212171052631579,8.519736842105264,4.720394736842105,13.24013157894737,7.598684210526316,11.605263157894738,10.833881578947368,0.8830592105263159,Yes
39,39,39,39,39,2021,Nikola Jokić,C,0.961,25,DEN,72,72,35.0,10.317919075144507,18.20809248554913,0.5725433526011561,1.315028901734104,3.338150289017341,0.392485549132948,9.002890173410405,14.869942196531792,0.6130057803468207,0.6089595375722543,4.855491329479769,5.563583815028902,0.8780346820809248,2.832369942196532,8.092485549132947,10.92485549132948,8.395953757225435,1.315028901734104,0.7080924855491328,3.1358381502890174,2.73121387283237,26.705202312138727,2516.7630057803467,31.66184971098266,0.6544797687861272,0.1851156069364161,0.3085260115606936,9.508670520231211,26.40173410404624,18.00578034682081,40.86705202312139,1.921965317919075,1.921965317919075,13.2514450867052,29.942196531791907,12.341040462427744,3.4393063583815024,15.780346820809248,0.3044797687861271,9.205202312138727,3.034682080924856,12.239884393063583,8.901734104046243,4.986994219653179,4.875722543352602,0.6605491329479769,Yes
40,40,40,40,40,2022,Nikola Jokić,C,0.875,26,DEN,74,74,35.0,10.761194029850747,18.49253731343284,0.6091044776119402,1.3582089552238803,4.074626865671641,0.352089552238806,9.402985074626866,14.417910447761194,0.6811940298507463,0.6477611940298507,5.328358208955224,6.582089552238806,0.846268656716418,2.9253731343283578,11.492537313432836,14.417910447761194,8.253731343283583,1.5671641791044777,0.9402985074626866,3.970149253731343,2.716417910447761,28.313432835820898,2586.865671641792,34.26865671641791,0.6905970149253732,0.2298507462686567,0.3729850746268656,10.029850746268655,37.08955223880597,24.029850746268657,44.507462686567166,2.298507462686568,2.4029850746268657,16.298507462686565,33.32835820895522,11.28358208955224,4.701492537313433,15.880597014925373,0.3092537313432836,9.611940298507465,4.701492537313433,14.313432835820896,10.238805970149254,2.4029850746268657,2.256716417910448,0.6111940298507462,Yes
